{"cameraMode":{"drawMode":0,"name":"Shaded","section":"Shading Mode"},"sceneLighting":true,"audioPlay":false,"sceneViewState":{"m_AlwaysRefresh":false,"showFog":true,"showSkybox":true,"showFlares":true,"showImageEffects":true,"showParticleSystems":true,"showVisualEffectGraphs":true,"m_FxEnabled":true},"in2DMode":false,"pivot":{"x":0.14555425941944123,"y":0.0012666155816987157,"z":-0.11812905967235565},"rotation":{"x":0.06139859929680824,"y":0.8076042532920837,"z":-0.08532615751028061,"w":0.5803452134132385},"size":0.20679880678653718,"orthographic":false}